{
  "camera_matrix": [
    [
      498.67330678301346,
      0.0,
      350.81070348077134
    ],
    [
      0.0,
      520.8088826037775,
      106.53335175970223
    ],
    [
      0.0,
      0.0,
      1.0
    ]
  ],
  "distortion_coefficients": [
    [
      2.8689699919223197,
      -28.729409053536415,
      0.3406520479778879,
      -0.07590212517625129,
      59.96463536862479
    ]
  ],
  "reprojection_error": 0.7858856334152295,
  "chessboard_size": [
    8,
    6
  ],
  "square_size": 25.0,
  "calibration_date": "2025-07-25T20:07:47.771576"
}